{
    "indexes": [
        {
            "collectionGroup": "data",
            "queryScope": "COLLECTION",
            "fields": [
                {
                    "fieldPath": "keyword",
                    "order": "ASCENDING"
                },
                {
                    "fieldPath": "timestamp",
                    "order": "DESCENDING"
                }
            ]
        },
        {
            "collectionGroup": "data",
            "queryScope": "COLLECTION",
            "fields": [
                {
                    "fieldPath": "source",
                    "order": "ASCENDING"
                },
                {
                    "fieldPath": "timestamp",
                    "order": "DESCENDING"
                }
            ]
        }
    ],
    "fieldOverrides": []
}